{"FPR": [0.0, 0.0, 0.0, 0.0125, 0.0125, 0.0125, 0.0125, 0.0125, 0.0125, 0.0125, 0.025, 0.025, 0.0375, 0.0375, 0.0375, 0.05, 0.05, 0.0625, 0.1, 0.1125, 0.1125, 0.125, 0.15, 0.1625, 0.175, 0.1875, 0.1875, 0.2, 0.2, 0.2375, 0.2375, 0.3, 0.3125, 0.3625, 0.3875, 0.3875, 0.4125, 0.4375, 0.4375, 0.45, 0.5, 0.5625, 0.5875, 0.5875, 0.6125, 0.65, 0.6625, 0.8125, 0.85, 0.8625, 0.8625, 0.8875, 0.9375, 0.95, 0.975, 1.0], "TPR": [0.0, 0.015873015873015872, 0.031746031746031744, 0.031746031746031744, 0.1111111111111111, 0.15873015873015872, 0.23809523809523808, 0.2698412698412698, 0.3492063492063492, 0.3968253968253968, 0.42857142857142855, 0.4603174603174603, 0.47619047619047616, 0.5238095238095238, 0.5555555555555556, 0.5555555555555556, 0.6190476190476191, 0.6190476190476191, 0.6190476190476191, 0.6190476190476191, 0.6507936507936508, 0.6507936507936508, 0.6825396825396826, 0.6825396825396826, 0.7142857142857143, 0.7142857142857143, 0.7301587301587301, 0.7301587301587301, 0.746031746031746, 0.746031746031746, 0.7619047619047619, 0.7619047619047619, 0.7777777777777778, 0.7777777777777778, 0.7777777777777778, 0.7936507936507936, 0.7936507936507936, 0.8095238095238095, 0.8253968253968254, 0.8412698412698413, 0.8412698412698413, 0.8888888888888888, 0.8888888888888888, 0.9047619047619048, 0.9047619047619048, 0.9047619047619048, 0.9047619047619048, 0.9206349206349206, 0.9523809523809523, 0.9523809523809523, 0.9682539682539683, 0.9682539682539683, 0.9841269841269841, 0.9841269841269841, 1.0, 1.0], "y_test": [1, 1, 0, 1, 0, 1, 1, 1, 0, 1, 0, 0, 0, 0, 0, 0, 1, 1, 1, 1, 0, 1, 1, 0, 0, 0, 0, 1, 0, 1, 1, 0, 0, 0, 0, 0, 0, 0, 1, 1, 1, 1, 0, 0, 0, 1, 0, 0, 0, 0, 0, 1, 0, 0, 0, 1, 1, 1, 0, 0, 1, 0, 0, 1, 0, 0, 0, 0, 1, 0, 1, 1, 0, 0, 0, 0, 0, 0, 1, 1, 1, 1, 1, 1, 0, 0, 1, 1, 0, 1, 0, 0, 0, 0, 0, 1, 1, 0, 1, 0, 1, 0, 1, 0, 0, 0, 1, 0, 0, 0, 1, 1, 0, 1, 1, 0, 0, 0, 1, 0, 1, 1, 1, 1, 0, 1, 1, 1, 0, 1, 1, 0, 0, 0, 0, 0, 0, 1, 0, 1, 0, 1, 1], "predictions": [1, 1, 0, 1, 0, 0, 1, 1, 0, 1, 0, 0, 0, 0, 1, 0, 1, 0, 1, 1, 0, 1, 1, 0, 0, 1, 0, 1, 0, 0, 1, 0, 0, 0, 0, 0, 0, 1, 1, 0, 0, 0, 0, 0, 0, 0, 0, 0, 0, 0, 0, 0, 1, 0, 0, 1, 0, 0, 0, 0, 0, 0, 0, 1, 0, 0, 0, 0, 1, 0, 0, 0, 0, 0, 0, 0, 0, 0, 0, 1, 0, 1, 1, 0, 0, 0, 0, 1, 0, 1, 0, 0, 0, 1, 0, 1, 1, 0, 1, 1, 1, 0, 1, 0, 0, 0, 0, 0, 0, 0, 0, 1, 0, 0, 0, 0, 0, 0, 1, 1, 0, 1, 1, 1, 1, 1, 0, 1, 0, 1, 1, 0, 0, 0, 0, 0, 0, 0, 1, 1, 0, 1, 0]}