{"FPR": [0.0, 0.0, 0.0, 0.0, 0.0, 0.0, 0.0, 0.0, 0.0125, 0.0125, 0.025, 0.025, 0.0375, 0.0375, 0.05, 0.0625, 0.0625, 0.075, 0.1, 0.1, 0.1125, 0.1125, 0.125, 0.1625, 0.175, 0.1875, 0.1875, 0.225, 0.225, 0.225, 0.2375, 0.2375, 0.25, 0.25, 0.2625, 0.2625, 0.3, 0.325, 0.3625, 0.425, 0.425, 0.4375, 0.4375, 0.45, 0.475, 0.4875, 0.5125, 0.525, 0.55, 0.5625, 0.5875, 0.6, 0.6375, 0.7875, 0.8, 0.8625, 0.875, 0.925, 0.925, 0.95, 0.9875, 1.0], "TPR": [0.0, 0.015873015873015872, 0.09523809523809523, 0.14285714285714285, 0.1746031746031746, 0.20634920634920634, 0.25396825396825395, 0.2698412698412698, 0.30158730158730157, 0.4126984126984127, 0.4126984126984127, 0.4603174603174603, 0.4603174603174603, 0.47619047619047616, 0.49206349206349204, 0.49206349206349204, 0.5396825396825397, 0.5396825396825397, 0.5714285714285714, 0.6190476190476191, 0.6190476190476191, 0.6349206349206349, 0.6349206349206349, 0.6349206349206349, 0.6666666666666666, 0.6666666666666666, 0.6825396825396826, 0.6825396825396826, 0.7142857142857143, 0.7301587301587301, 0.7301587301587301, 0.746031746031746, 0.746031746031746, 0.7619047619047619, 0.7619047619047619, 0.7777777777777778, 0.7777777777777778, 0.7777777777777778, 0.7777777777777778, 0.7777777777777778, 0.7936507936507936, 0.7936507936507936, 0.8095238095238095, 0.8095238095238095, 0.8095238095238095, 0.8253968253968254, 0.8253968253968254, 0.8412698412698413, 0.8412698412698413, 0.8412698412698413, 0.8571428571428571, 0.8571428571428571, 0.8888888888888888, 0.9047619047619048, 0.9047619047619048, 0.9523809523809523, 0.9523809523809523, 0.9682539682539683, 0.9841269841269841, 0.9841269841269841, 1.0, 1.0], "y_test": [1, 1, 0, 1, 0, 1, 1, 1, 0, 1, 0, 0, 0, 0, 0, 0, 1, 1, 1, 1, 0, 1, 1, 0, 0, 0, 0, 1, 0, 1, 1, 0, 0, 0, 0, 0, 0, 0, 1, 1, 1, 1, 0, 0, 0, 1, 0, 0, 0, 0, 0, 1, 0, 0, 0, 1, 1, 1, 0, 0, 1, 0, 0, 1, 0, 0, 0, 0, 1, 0, 1, 1, 0, 0, 0, 0, 0, 0, 1, 1, 1, 1, 1, 1, 0, 0, 1, 1, 0, 1, 0, 0, 0, 0, 0, 1, 1, 0, 1, 0, 1, 0, 1, 0, 0, 0, 1, 0, 0, 0, 1, 1, 0, 1, 1, 0, 0, 0, 1, 0, 1, 1, 1, 1, 0, 1, 1, 1, 0, 1, 1, 0, 0, 0, 0, 0, 0, 1, 0, 1, 0, 1, 1], "predictions": [1, 1, 0, 1, 0, 0, 1, 1, 0, 1, 0, 0, 0, 0, 1, 0, 1, 0, 1, 1, 0, 1, 1, 0, 0, 1, 0, 1, 0, 0, 1, 0, 0, 0, 0, 0, 0, 1, 1, 0, 0, 0, 0, 0, 0, 0, 0, 0, 0, 0, 0, 0, 1, 0, 0, 1, 0, 0, 0, 0, 0, 0, 0, 1, 0, 0, 0, 0, 1, 0, 1, 0, 0, 0, 0, 0, 0, 0, 0, 1, 0, 1, 1, 0, 0, 0, 0, 1, 0, 1, 0, 0, 0, 1, 0, 1, 1, 0, 1, 1, 1, 0, 1, 0, 0, 0, 0, 0, 0, 0, 0, 1, 0, 0, 0, 0, 0, 0, 1, 1, 0, 1, 1, 1, 1, 1, 0, 1, 0, 1, 1, 0, 0, 0, 0, 0, 0, 0, 1, 1, 0, 1, 0]}