{"FPR": [0.0, 0.0, 0.0, 0.0, 0.0, 0.0, 0.0, 0.0, 0.0125, 0.0125, 0.025, 0.025, 0.0625, 0.0625, 0.075, 0.1, 0.1, 0.125, 0.125, 0.1625, 0.175, 0.1875, 0.1875, 0.2125, 0.2125, 0.2125, 0.25, 0.25, 0.275, 0.2875, 0.325, 0.325, 0.3625, 0.425, 0.4375, 0.4375, 0.4625, 0.4875, 0.4875, 0.5, 0.525, 0.5375, 0.575, 0.5875, 0.6125, 0.7625, 0.825, 0.85, 0.8625, 0.9125, 0.925, 0.925, 0.95, 0.9875, 1.0], "TPR": [0.0, 0.015873015873015872, 0.1111111111111111, 0.15873015873015872, 0.19047619047619047, 0.23809523809523808, 0.3333333333333333, 0.36507936507936506, 0.36507936507936506, 0.3968253968253968, 0.42857142857142855, 0.47619047619047616, 0.47619047619047616, 0.5238095238095238, 0.5396825396825397, 0.5714285714285714, 0.6031746031746031, 0.6031746031746031, 0.6349206349206349, 0.6349206349206349, 0.6666666666666666, 0.6666666666666666, 0.6984126984126984, 0.6984126984126984, 0.7301587301587301, 0.746031746031746, 0.746031746031746, 0.7619047619047619, 0.7619047619047619, 0.7619047619047619, 0.7619047619047619, 0.7777777777777778, 0.7777777777777778, 0.7777777777777778, 0.7777777777777778, 0.7936507936507936, 0.7936507936507936, 0.7936507936507936, 0.8095238095238095, 0.8095238095238095, 0.8412698412698413, 0.8412698412698413, 0.873015873015873, 0.873015873015873, 0.873015873015873, 0.8888888888888888, 0.9365079365079365, 0.9523809523809523, 0.9523809523809523, 0.9682539682539683, 0.9682539682539683, 0.9841269841269841, 0.9841269841269841, 1.0, 1.0], "y_test": [1, 1, 0, 1, 0, 1, 1, 1, 0, 1, 0, 0, 0, 0, 0, 0, 1, 1, 1, 1, 0, 1, 1, 0, 0, 0, 0, 1, 0, 1, 1, 0, 0, 0, 0, 0, 0, 0, 1, 1, 1, 1, 0, 0, 0, 1, 0, 0, 0, 0, 0, 1, 0, 0, 0, 1, 1, 1, 0, 0, 1, 0, 0, 1, 0, 0, 0, 0, 1, 0, 1, 1, 0, 0, 0, 0, 0, 0, 1, 1, 1, 1, 1, 1, 0, 0, 1, 1, 0, 1, 0, 0, 0, 0, 0, 1, 1, 0, 1, 0, 1, 0, 1, 0, 0, 0, 1, 0, 0, 0, 1, 1, 0, 1, 1, 0, 0, 0, 1, 0, 1, 1, 1, 1, 0, 1, 1, 1, 0, 1, 1, 0, 0, 0, 0, 0, 0, 1, 0, 1, 0, 1, 1], "predictions": [1, 1, 0, 1, 0, 0, 1, 1, 0, 1, 0, 0, 0, 0, 1, 0, 1, 0, 1, 1, 0, 1, 1, 0, 0, 1, 0, 1, 0, 0, 1, 0, 0, 0, 0, 0, 0, 1, 1, 0, 0, 0, 0, 0, 0, 0, 0, 0, 0, 0, 0, 0, 1, 0, 0, 1, 0, 0, 0, 0, 0, 0, 0, 1, 0, 0, 0, 0, 1, 0, 0, 0, 0, 0, 0, 0, 0, 0, 0, 1, 0, 1, 1, 0, 0, 0, 0, 1, 0, 1, 0, 0, 0, 1, 0, 1, 1, 0, 1, 1, 1, 0, 1, 0, 0, 0, 0, 0, 0, 0, 0, 1, 0, 0, 0, 0, 0, 0, 1, 1, 0, 1, 1, 1, 1, 1, 0, 1, 0, 1, 1, 0, 0, 0, 0, 0, 0, 0, 1, 1, 0, 1, 0]}